Rank,Keyword,Avg. Monthly Searches
1,venues wedding,"450,000"
2,live rooms,"165,000"
3,venue events,"135,000"
4,event venues,"135,000"
5,event venue,"135,000"
6,venues close to me,"90,500"
7,venues in near me,"90,500"
8,nyc halls,"74,000"
9,halls banquet,"60,500"
10,party venues near me,"49,500"
11,video conferencing platforms,"49,500"
12,party locations near me,"49,500"
13,party space near me,"49,500"
14,party room near me,"49,500"
15,venue party near me,"49,500"
16,rental for party near me,"49,500"
17,party rooms near me,"49,500"
18,platform video conference,"49,500"
19,video meeting platform,"49,500"
20,party buildings near me,"49,500"
21,party building near me,"49,500"
22,event space,"40,500"
23,event spaces,"40,500"
24,event centers near me,"33,100"
25,event center,"33,100"
26,event locations near me,"27,100"
27,music venues near me,"22,200"
28,venues for corporate events,"22,200"
29,place for hire,"22,200"
30,event halls near me,"18,100"
31,banquet weddings,"18,100"
32,meeting venues,"18,100"
33,hammerstein ballroom manhattan ny,"14,800"
34,hammerstein ballroom at manhattan center,"14,800"
35,august hall,"14,800"
36,hall party near me,"14,800"
37,hammerstein ballroom nyc,"14,800"
38,jobs for event planners,"14,800"
39,venue rentals near me,"14,800"
40,halls for parties near me,"14,800"
41,party venues nearby,"14,800"
42,venues to rent near me,"14,800"
43,concert venues near me,"14,800"
44,jobs event coordinator,"14,800"
45,banquet room rental near me,"14,800"
46,new york hammerstein ballroom,"14,800"
47,party halls near me,"14,800"
48,place for rent for party near me,"12,100"
49,rentable party spaces near me,"12,100"
50,party facility rentals near me,"12,100"
51,the state room,"12,100"
52,hall for event,"12,100"
53,rent space party,"12,100"
54,rental locations for parties near me,"12,100"
55,space party rental,"12,100"
56,rental party spaces near me,"12,100"
57,halls for rent,"12,100"
58,places to rent for a party near me,"12,100"
59,locations to rent for parties near me,"12,100"
60,small reception venues near me,"12,100"
61,rent hall,"12,100"
62,party rental location near me,"12,100"
63,party rental facility near me,"12,100"
64,rental of venue,"9,900"
65,rental halls near me,"9,900"
66,rent venue for wedding,"9,900"
67,reception hall rentals near me,"9,900"
68,hall for party,"9,900"
69,venues for rent,"9,900"
70,outdoor reception venue near me,"9,900"
71,wedding venue new york,"9,900"
72,banquet hall rental near me,"9,900"
73,rent a party room,"8,100"
74,spring venue,"8,100"
75,conference venue rental,"8,100"
76,affordable venues near me,"8,100"
77,3 west club new york,"8,100"
78,conferences venues,"8,100"
79,venue for conference,"8,100"
80,3 west club manhattan,"8,100"
81,reception areas for weddings near me,"8,100"
82,meeting places for rent,"8,100"
83,party room rentals,"8,100"
84,3 west club nyc,"8,100"
85,meeting halls near me,"8,100"
86,space for photoshoot,"8,100"
87,venues for receptions near me,"8,100"
88,party rental spots,"6,600"
89,hall for wedding reception near me,"6,600"
90,rent a venue for a party,"6,600"
91,manhattan center new york,"6,600"
92,receptions halls near me,"6,600"
93,party rental locations,"6,600"
94,venues in la,"6,600"
95,ballrooms near me,"6,600"
96,places to rent for parties,"6,600"
97,manhattan center nyc,"6,600"
98,conference centers near me,"5,400"
99,meeting space rentals near me,"5,400"
100,meeting spaces,"5,400"
101,event vendors near me,"5,400"
102,venues outside near me,"5,400"
103,video conferencing software,"5,400"
104,places to rent for birthday,"5,400"
105,affordable hall rentals near me,"5,400"
106,party centers,"5,400"
107,outdoor venues near me,"5,400"
108,rent spaces,"4,400"
109,meetings virtual,"4,400"
110,grand venue,"4,400"
111,reception halls,"4,400"
112,concert halls near me,"4,400"
113,building rentals for parties,"3,600"
114,cipriani's 42nd street,"3,600"
115,rentable venues near me,"3,600"
116,rent a place for a party,"3,600"
117,venue hire,"3,600"
118,moon light studio,"3,600"
119,private events,"3,600"
120,rent a building for a party,"3,600"
121,moon light studios,"3,600"
122,perfect venue,"3,600"
123,reception centers near me,"3,600"
124,private event,"3,600"
125,rent place to party,"3,600"
126,wedding banquet hall,"2,900"
127,the grand ballroom,"2,900"
128,small rental venues near me,"2,900"
129,studio space for rent,"2,900"
130,weddings event,"2,900"
131,venues nyc,"2,900"
132,venues in new york,"2,900"
133,brooklyn ny wedding venue,"2,900"
134,places to host events,"2,900"
135,corporate conference venues,"2,400"
136,corporate party venues,"2,400"
137,wedding venue booking,"2,400"
138,corporate party venue,"2,400"
139,place to have parties near me,"2,400"
140,spaces events,"2,400"
141,event areas near me,"2,400"
142,rent the space,"2,400"
143,venues for small parties,"2,400"
144,event place near me,"2,400"
145,conferencing online,"2,400"
146,private party venues,"2,400"
147,book a venue for wedding,"2,400"
148,cipriani 25 broadway new york,"2,400"
149,chicago venues,"2,400"
150,places to have a party near me,"2,400"
151,convene willis tower,"2,400"
152,party venues small,"2,400"
153,venues for corporate parties,"2,400"
154,clubhouses for rent,"2,400"
155,convene nyc,"1,900"
156,event hall rentals near me,"1,900"
157,event rooms near me,"1,900"
158,virtual event platforms,"1,900"
159,convene ny,"1,900"
160,halls and venues near me,"1,900"
161,outdoor party venues,"1,900"
162,prom venues,"1,900"
163,venue halls near me,"1,900"
164,party event,"1,900"
165,cheap venues near me for parties,"1,900"
166,venues in nj,"1,900"
167,event room rentals near me,"1,600"
168,midtown loft terrace,"1,600"
169,new york weddings,"1,600"
170,big venues near me,"1,600"
171,peerspace nyc,"1,600"
172,peerspace new york,"1,600"
173,inside venues near me,"1,600"
174,hotel ballroom,"1,600"
175,events center for rent near me,"1,600"
176,event hall rental,"1,600"
177,event centres,"1,600"
178,large venues near me,"1,600"
179,venues in brooklyn ny,"1,600"
180,rent a party place near me,"1,600"
181,event halls to rent,"1,600"
182,florida ballroom,"1,600"
183,private room rental,"1,600"
184,private room near me,"1,600"
185,hotels with ballrooms,"1,600"
186,indoor venues near me,"1,600"
187,wedding nyc,"1,600"
188,outdoor events space near me,"1,600"
189,ballroom rental near me,"1,300"
190,convention centers in nyc,"1,300"
191,convention centers in new york,"1,300"
192,ballrooms for weddings,"1,300"
193,the grand hall,"1,300"
194,space events nj,"1,300"
195,software for web conferencing,"1,300"
196,building to rent for parties near me,"1,300"
197,inexpensive venues for parties,"1,300"
198,hotels with a ballroom near me,"1,300"
199,salon de eventos near me,"1,300"
200,cheap venues for a party,"1,300"
